City_ID,City,Country,Lat,Lng,Current Description,Max Temp,Humidity,Cloudiness,Wind Speed
0,Mandalgovi,MN,45.7625,106.2708,few clouds,22.05,37,15,15.32
1,Half Moon Bay,US,37.4636,-122.4286,clear sky,76.24,56,1,4.61
2,Carnarvon,AU,-24.8667,113.6333,clear sky,68.07,68,0,21.85
3,Tateyama,JP,34.9833,139.8667,clear sky,48.22,47,4,9.24
4,Santa Vitoria Do Palmar,BR,-33.5189,-53.3681,broken clouds,65.41,61,76,9.55
5,Marapanim,BR,-0.7175,-47.6997,overcast clouds,81.09,78,100,7.9
6,Rikitea,PF,-23.1203,-134.9692,clear sky,76.33,70,0,17.2
7,Ostrovnoy,RU,68.0531,39.5131,light snow,25.14,89,100,34.65
8,Limoeiro Do Ajuru,BR,-1.8953,-49.3806,overcast clouds,85.19,62,100,4.63
9,Vardo,NO,70.3705,31.1107,broken clouds,35.58,60,75,35.68
10,Busselton,AU,-33.65,115.3333,scattered clouds,49.08,82,38,9.53
11,Tautira,PF,-17.7333,-149.15,light rain,86.02,79,100,21.97
12,Jamestown,US,42.097,-79.2353,scattered clouds,40.59,68,40,4.0
13,Svencionys,LT,55.15,26.1667,overcast clouds,22.96,91,100,6.46
14,Taoudenni,ML,22.6783,-3.9836,overcast clouds,69.94,13,90,11.07
15,Haines Junction,CA,60.7522,-137.5108,overcast clouds,-0.45,85,100,1.14
16,Saint George,US,37.1041,-113.5841,clear sky,73.87,23,1,3.0
17,Khabarovsk,RU,48.4808,135.0928,overcast clouds,4.8,71,99,15.99
18,Vaini,TO,-21.2,-175.2,broken clouds,80.76,83,75,12.66
19,Souillac,MU,-20.5167,57.5167,light rain,77.38,78,20,5.75
20,Puerto Ayora,EC,-0.7393,-90.3518,broken clouds,80.56,78,64,10.22
21,Ust-Nera,RU,64.5667,143.2,broken clouds,-43.96,100,58,4.79
22,San Patricio,US,28.017,-97.5169,overcast clouds,83.05,53,97,2.55
23,Ushuaia,AR,-54.8,-68.3,light rain,53.22,37,40,24.16
24,Dingle,PH,10.9995,122.6711,overcast clouds,75.51,95,100,7.29
25,Albanel,CA,48.8832,-72.4487,broken clouds,21.34,58,81,10.36
26,Dongsheng,CN,39.8161,109.9776,clear sky,19.36,57,1,15.1
27,Hermanus,ZA,-34.4187,19.2345,broken clouds,60.91,71,82,7.18
28,Hilo,US,19.7297,-155.09,heavy intensity rain,79.79,89,90,3.44
29,Santa Rita,BR,-7.1139,-34.9781,few clouds,83.07,69,20,10.36
30,Lasa,IT,46.6166,10.7002,overcast clouds,36.48,97,100,2.13
31,Yellowknife,CA,62.456,-114.3525,broken clouds,-1.59,86,75,8.05
32,Qaanaaq,GL,77.484,-69.3632,few clouds,5.59,80,22,4.54
33,Tasiilaq,GL,65.6145,-37.6368,snow,20.5,92,100,32.35
34,Auburn,US,47.3073,-122.2284,broken clouds,60.53,78,75,1.99
35,Port Alfred,ZA,-33.5906,26.891,broken clouds,68.0,90,51,12.91
36,Blythe,US,33.6103,-114.5964,clear sky,80.04,19,1,4.61
37,Asau,RO,46.4333,26.4,overcast clouds,36.75,86,99,6.73
38,Comodoro Rivadavia,AR,-45.8667,-67.5,clear sky,66.06,45,0,14.97
39,Codrington,AU,-38.2667,141.9667,broken clouds,59.83,90,74,5.79
40,Wuchi,CN,29.3786,103.023,overcast clouds,36.18,94,100,2.68
41,Muisne,EC,0.6,-80.0333,overcast clouds,82.51,83,100,6.64
42,Saskylakh,RU,71.9167,114.0833,overcast clouds,-33.25,99,99,1.63
43,Punta Arenas,CL,-53.15,-70.9167,overcast clouds,57.22,37,95,18.88
44,Goma,CD,-1.6792,29.2228,light rain,63.21,90,100,3.11
45,Katima Mulilo,NA,-17.5,24.2667,scattered clouds,80.31,26,40,4.92
46,Ilorin,NG,8.5,4.55,clear sky,82.76,39,0,0.0
47,Avarua,CK,-21.2078,-159.775,overcast clouds,80.65,83,99,14.97
48,New Norfolk,AU,-42.7826,147.0587,scattered clouds,69.75,68,35,2.28
49,North Platte,US,41.1239,-100.7654,clear sky,67.32,28,1,5.01
50,Kirksville,US,40.1948,-92.5833,clear sky,61.05,42,1,1.01
51,Korla,CN,41.7597,86.1469,clear sky,22.53,74,0,2.51
52,Margate,GB,51.3813,1.3862,overcast clouds,43.3,80,94,8.01
53,Arraial Do Cabo,BR,-22.9661,-42.0278,scattered clouds,78.76,78,40,8.05
54,Halifax,CA,44.6453,-63.5724,few clouds,39.2,74,20,1.01
55,Fernie,CA,49.5,-115.0687,overcast clouds,56.61,89,100,11.21
56,Biak,ID,-0.9131,122.8766,overcast clouds,76.8,82,100,2.89
57,Curup,ID,-3.4667,102.5333,broken clouds,65.3,95,61,1.59
58,Cidreira,BR,-30.1811,-50.2056,few clouds,68.63,65,18,9.42
59,Saint-Philippe,RE,-21.3585,55.7679,broken clouds,72.99,74,57,9.13
60,Dwarka,IN,22.2394,68.9678,broken clouds,71.29,77,82,11.88
61,Tamale,GH,9.4008,-0.8393,broken clouds,84.6,15,73,4.83
62,Makinsk,KZ,52.6292,70.4169,overcast clouds,24.51,72,100,15.46
63,Cape Town,ZA,-33.9258,18.4232,few clouds,63.09,62,20,16.11
64,Manuk Mangkaw,PH,4.8,119.85,moderate rain,82.6,73,100,10.56
65,Kapaa,US,22.0752,-159.319,moderate rain,80.92,77,75,4.0
66,Atuona,PF,-9.8,-139.0333,light rain,78.46,79,49,21.81
67,Palora,EC,-1.7,-77.9333,overcast clouds,84.18,57,90,5.14
68,Sabha,LY,27.0377,14.4283,overcast clouds,57.87,30,95,7.96
69,Umm Lajj,SA,25.0213,37.2685,clear sky,76.28,65,0,11.43
70,Kemijarvi,FI,66.7131,27.4306,light snow,18.73,93,100,10.87
71,Jawhar,SO,2.7809,45.5005,overcast clouds,77.72,69,96,9.19
72,Linxia,CN,35.6003,103.2064,clear sky,22.46,73,1,2.73
73,Kefamenanu,ID,-9.4467,124.4781,overcast clouds,72.88,84,100,1.36
74,Orodara,BF,10.9492,-4.9342,clear sky,82.78,18,6,3.13
75,Salisbury,GB,51.0693,-1.7957,broken clouds,42.66,87,75,18.41
76,Vila Velha,BR,-20.3297,-40.2925,broken clouds,80.55,88,75,6.91
77,Teguise,ES,29.0605,-13.564,few clouds,61.02,68,20,8.05
78,Mar Del Plata,AR,-38.0023,-57.5575,clear sky,62.62,77,0,15.01
79,Hobart,AU,-42.8794,147.3294,broken clouds,70.11,80,75,1.01
80,Orlik,RU,52.5178,99.825,overcast clouds,5.7,88,99,2.77
81,Kudahuvadhoo,MV,2.6708,72.8944,broken clouds,81.05,79,74,7.85
82,Uvinza,TZ,-5.1036,30.3911,overcast clouds,65.7,91,94,0.56
83,Wanaka,NZ,-44.7,169.15,overcast clouds,60.12,79,94,1.99
84,Kodinsk,RU,58.6881,99.1844,overcast clouds,6.24,92,100,3.33
85,Whitianga,NZ,-36.8333,175.7,overcast clouds,72.01,84,93,6.04
86,Mehamn,NO,71.0357,27.8492,light snow,33.98,64,20,26.46
87,Port Elizabeth,ZA,-33.918,25.5701,few clouds,66.09,92,15,0.63
88,Upernavik,GL,72.7868,-56.1549,light snow,26.22,81,100,9.62
89,Kil,SE,59.5072,13.314,overcast clouds,15.69,92,100,8.05
90,Butaritari,KI,3.0707,172.7902,light rain,81.97,78,99,11.48
91,Roald,NO,62.5833,6.1333,shower snow,33.01,93,40,8.05
92,Bahia Blanca,AR,-38.7196,-62.2724,clear sky,85.12,25,4,13.38
93,Longyearbyen,SJ,78.2186,15.6401,few clouds,6.64,66,20,6.91
94,Dubbo,AU,-32.25,148.6167,clear sky,64.53,94,0,8.05
95,Northam,GB,51.0333,-4.2167,broken clouds,45.61,70,56,14.36
96,Nemuro,JP,43.3236,145.575,clear sky,36.81,59,5,35.19
97,Albany,US,42.6001,-73.9662,overcast clouds,40.59,65,97,2.42
98,Padang,ID,-0.9492,100.3543,light rain,75.74,86,19,2.86
99,Ribeira Grande,PT,38.5167,-28.7,broken clouds,64.8,77,75,4.61
100,Saint-Joseph,RE,-21.3667,55.6167,broken clouds,71.98,73,54,10.47
101,Kaeo,NZ,-35.1,173.7833,overcast clouds,70.32,85,100,6.62
102,Husavik,IS,66.0449,-17.3389,overcast clouds,13.91,90,100,12.86
103,Coihueco,CL,-36.6167,-71.8333,few clouds,72.34,43,20,5.75
104,Catamarca,AR,-28.4696,-65.7852,few clouds,88.77,37,13,11.01
105,Buraydah,SA,26.326,43.975,clear sky,61.25,16,10,10.51
106,Port Hedland,AU,-20.3167,118.5667,broken clouds,80.65,78,70,8.05
107,Tuktoyaktuk,CA,69.4541,-133.0374,scattered clouds,-25.6,68,40,2.3
108,Nikolskoye,RU,59.7035,30.7861,broken clouds,21.09,97,57,4.32
109,Bethel,US,41.3712,-73.414,clear sky,47.05,53,1,0.0
110,Altay,CN,47.8667,88.1167,scattered clouds,20.32,48,35,8.55
111,Atambua,ID,-9.1061,124.8925,overcast clouds,74.62,83,100,1.43
112,Castro,BR,-24.7911,-50.0119,clear sky,76.42,50,0,3.94
113,Tiszaluc,HU,48.0333,21.0833,overcast clouds,44.38,79,93,15.77
114,Atasu,KZ,48.6814,71.6433,broken clouds,17.15,82,71,6.6
115,Bilibino,RU,68.0546,166.4372,overcast clouds,-18.35,100,100,2.3
116,Olbia,IT,40.9214,9.4856,few clouds,55.45,82,20,11.5
117,Hithadhoo,MV,-0.6,73.0833,overcast clouds,81.43,76,99,4.74
118,Kipushi,CD,-11.7667,27.2333,broken clouds,64.67,80,67,4.43
119,Mataura,NZ,-46.1927,168.8643,clear sky,60.48,59,4,0.67
120,Barrow,US,71.2906,-156.7887,broken clouds,-18.38,69,75,6.91
121,Narsaq,GL,60.9167,-46.05,snow,33.4,98,100,27.69
122,Port Blair,IN,11.6667,92.75,moderate rain,79.97,86,100,23.64
123,Aksarka,RU,66.5606,67.7975,overcast clouds,-1.64,98,100,9.98
124,Hofn,IS,64.2539,-15.2082,overcast clouds,26.22,59,100,5.84
125,Stromness,GB,58.965,-3.296,snow,34.05,55,100,32.95
126,Tshikapa,CD,-6.4167,20.8,broken clouds,69.64,97,72,1.79
127,Donegal,IE,54.65,-8.1167,light rain,42.84,79,74,8.79
128,Xinmin,CN,41.9908,122.8253,clear sky,26.85,67,0,9.86
129,Airai,TL,-8.9266,125.4092,overcast clouds,61.38,83,100,1.41
130,Esna,EG,25.2934,32.554,few clouds,66.22,43,22,16.82
131,Pemberton,CA,50.3164,-122.8027,overcast clouds,51.49,100,100,6.35
132,Nioki,CD,-2.7167,17.6833,overcast clouds,70.88,98,100,1.59
133,Kaitangata,NZ,-46.2817,169.8464,clear sky,62.26,68,7,3.31
134,Vangaindrano,MG,-23.35,47.6,light rain,73.24,93,100,4.54
135,Cherskiy,RU,68.75,161.3,overcast clouds,-23.08,99,100,4.23
136,Clyde River,CA,70.4692,-68.5914,snow,7.03,85,100,29.93
137,Daru,PG,-9.0763,143.2092,heavy intensity rain,77.95,93,100,8.08
138,Cockburn Town,TC,21.4612,-71.1419,broken clouds,78.76,73,75,9.22
139,Kodiak,US,57.79,-152.4072,light snow,15.31,79,90,11.5
140,Thompson,CA,55.7435,-97.8558,light snow,1.56,78,90,13.8
141,Port-Gentil,GA,-0.7193,8.7815,moderate rain,78.76,89,75,3.44
142,Chokurdakh,RU,70.6333,147.9167,overcast clouds,-28.93,100,99,8.23
143,Alice Springs,AU,-23.7,133.8833,clear sky,63.95,63,0,4.61
144,Torata,PE,-17.0769,-70.8433,few clouds,64.9,45,16,11.18
145,Hambantota,LK,6.1241,81.1185,clear sky,75.61,85,3,4.36
146,Sao Paulo Do Potengi,BR,-5.895,-35.7628,broken clouds,82.51,61,80,12.75
147,Najran,SA,17.4924,44.1277,clear sky,56.05,29,0,2.3
148,Chegdomyn,RU,51.1167,133.0167,few clouds,-16.46,100,16,1.54
149,Dakar,SN,14.6937,-17.4441,overcast clouds,74.28,74,100,20.11
150,Lebu,CL,-37.6167,-73.65,broken clouds,59.94,69,74,9.48
151,Krasnorechenskiy,RU,44.6265,135.3532,broken clouds,3.97,83,77,20.74
152,Acapulco,MX,16.8634,-99.8901,clear sky,85.82,70,1,6.91
153,Chernitsyno,RU,51.5074,36.051,few clouds,24.28,78,12,10.0
154,Shumskiy,RU,54.8318,99.1328,overcast clouds,21.94,89,100,3.02
155,Vanavara,RU,60.34,102.2797,overcast clouds,-14.87,100,98,2.73
156,Grindavik,IS,63.8424,-22.4338,snow,30.67,69,75,13.8
157,East London,ZA,-33.0153,27.9116,light rain,69.42,88,90,11.86
158,Awbari,LY,26.5921,12.7805,overcast clouds,58.53,20,89,9.15
159,Garden City,US,42.3256,-83.331,overcast clouds,42.62,77,90,4.61
160,Chumikan,RU,54.7183,135.315,overcast clouds,-8.14,94,100,16.02
161,Mananjary,MG,-21.2167,48.3333,light rain,75.24,86,100,4.52
162,Nishihara,JP,26.1842,127.7558,broken clouds,65.48,52,75,5.75
163,Karratha,AU,-20.7377,116.8463,clear sky,82.35,30,1,11.5
164,Kosh-Agach,RU,50.0,88.6667,clear sky,5.7,65,0,1.66
165,Lipari,IT,38.4674,14.954,broken clouds,56.79,67,58,16.15
166,Rio Grande,BR,-32.035,-52.0986,broken clouds,71.71,63,81,10.87
167,Elburg,NL,52.4475,5.8431,overcast clouds,44.08,83,96,3.0
168,Nanortalik,GL,60.1432,-45.2371,moderate rain,34.29,98,100,28.7
169,Graaff-Reinet,ZA,-32.2522,24.5308,scattered clouds,67.93,68,25,8.79
170,Esperance,AU,-33.8667,121.9,few clouds,53.44,76,15,4.88
171,Mantua,IT,45.1667,10.7833,overcast clouds,45.82,87,100,1.99
172,Cabo San Lucas,MX,22.8909,-109.9124,scattered clouds,84.51,59,40,1.01
173,Aktash,RU,50.3,87.7333,clear sky,-0.49,58,0,4.81
174,Gat,IL,31.61,34.7642,overcast clouds,65.08,100,90,12.95
175,Tambilil,PH,5.9622,124.6697,broken clouds,77.95,87,83,3.24
176,Domoni,KM,-12.2569,44.5319,clear sky,78.22,81,10,5.08
177,Riosucio,CO,5.4216,-75.7032,overcast clouds,72.03,86,100,1.92
178,Tororo,UG,0.693,34.1809,overcast clouds,66.83,83,100,5.21
179,Tevaitoa,PF,-16.7833,-151.5,moderate rain,80.4,77,100,21.81
180,Xichang,CN,27.8964,102.2634,overcast clouds,48.15,77,100,2.28
181,Iqaluit,CA,63.7506,-68.5145,light snow,6.53,71,75,8.01
182,Pangnirtung,CA,66.1451,-65.7125,broken clouds,12.2,85,75,14.97
183,Bluff,NZ,-46.6,168.3333,clear sky,60.8,77,1,1.16
184,Maragogi,BR,-9.0122,-35.2225,broken clouds,79.56,73,74,9.48
185,Tiznit,MA,29.5833,-9.5,clear sky,55.96,46,0,1.16
186,Acarau,BR,-2.8856,-40.12,broken clouds,81.46,79,77,17.02
187,Chissamba,AO,-12.1667,17.3333,overcast clouds,62.96,92,100,2.62
188,Lata,PT,40.1629,-8.3327,overcast clouds,52.81,92,100,7.45
189,Westport,US,41.1415,-73.3579,clear sky,49.05,52,1,3.0
190,Kuldur,RU,49.2167,131.6333,clear sky,-5.42,93,9,4.16
191,Antalaha,MG,-14.9003,50.2788,light rain,73.08,88,7,4.85
192,Vire,FR,48.9167,-0.8333,scattered clouds,42.19,93,37,5.3
193,Horsham,GB,51.064,-0.3272,broken clouds,43.02,85,75,12.66
194,Benguela,AO,-12.5763,13.4055,overcast clouds,77.49,80,90,4.5
195,Koshurnikovo,RU,54.1667,93.3,overcast clouds,2.7,97,97,3.24
196,Bredasdorp,ZA,-34.5322,20.0403,overcast clouds,59.29,65,99,7.31
197,Kieta,PG,-6.2167,155.6333,overcast clouds,82.53,76,100,2.35
198,Sao Filipe,CV,14.8961,-24.4956,overcast clouds,75.36,66,100,12.84
199,Richards Bay,ZA,-28.783,32.0377,few clouds,75.25,82,16,13.98
200,Sinnamary,GF,5.3833,-52.95,overcast clouds,78.57,89,100,11.77
201,Sept-Iles,CA,50.2001,-66.3821,snow,26.06,87,90,4.0
202,Puerto Escondido,MX,15.85,-97.0667,few clouds,86.83,58,20,5.75
203,Yulara,AU,-25.2406,130.9889,clear sky,69.64,37,0,4.61
204,Sorland,NO,67.667,12.6934,overcast clouds,28.47,60,98,23.94
205,Nome,US,64.5011,-165.4064,clear sky,-20.13,69,1,3.44
206,Barcelos,PT,41.5388,-8.6151,overcast clouds,51.94,89,100,7.11
207,Missoula,US,47.0166,-113.8009,broken clouds,56.55,57,71,14.92
208,Norman Wells,CA,65.282,-126.8329,light snow,-23.76,69,75,8.05
209,Sao Felix Do Xingu,BR,-6.6447,-51.995,overcast clouds,77.59,89,96,0.96
210,Mugur-Aksy,RU,50.35,90.5,clear sky,7.63,43,4,6.46
211,Tessalit,ML,20.1986,1.0114,scattered clouds,76.06,14,50,9.28
212,Otavi,NA,-19.65,17.3333,overcast clouds,73.44,51,99,13.6
213,Georgetown,MY,5.4112,100.3354,light rain,78.73,93,40,5.99
214,Hargeysa,SO,9.56,44.065,broken clouds,58.57,51,62,8.55
215,Kyabe,TD,9.4515,18.9449,broken clouds,81.79,21,76,4.88
216,Vostok,RU,46.4856,135.8833,overcast clouds,-3.41,97,100,6.73
217,Forecariah,GN,9.4306,-13.0881,clear sky,85.86,82,8,3.58
218,Caucaia,BR,-3.7361,-38.6531,scattered clouds,85.06,72,40,10.36
219,Calvinia,ZA,-31.4707,19.776,clear sky,56.84,59,10,6.11
220,Talnakh,RU,69.4865,88.3972,broken clouds,-23.3,99,58,5.39
221,Howard Springs,AU,-12.497,131.047,overcast clouds,84.11,95,97,4.34
222,Marzuq,YE,14.4,46.4667,clear sky,60.31,27,0,3.22
223,Pisco,PE,-13.7,-76.2167,clear sky,70.02,73,0,6.91
224,Morondava,MG,-20.2833,44.2833,overcast clouds,77.67,67,95,9.98
225,Zverinogolovskoye,RU,54.4586,64.8542,overcast clouds,36.88,76,100,18.79
226,Hamilton,US,39.1834,-84.5333,broken clouds,51.73,85,75,1.01
227,Langham,CA,52.3668,-106.9679,overcast clouds,42.03,75,100,17.58
228,Constitucion,CL,-35.3333,-72.4167,scattered clouds,60.75,65,38,15.61
229,Koszalin,PL,54.1944,16.1722,overcast clouds,45.68,83,95,22.73
230,North Bend,US,43.4065,-124.2243,haze,62.08,82,1,6.91
231,Kavieng,PG,-2.5744,150.7967,overcast clouds,82.63,71,97,7.65
232,Mahebourg,MU,-20.4081,57.7,few clouds,77.29,78,20,5.75
233,Makakilo City,US,21.3469,-158.0858,clear sky,82.72,62,1,12.66
234,Isangel,VU,-19.55,169.2667,broken clouds,80.71,83,75,0.0
235,Pokhara,NP,28.2333,83.9833,overcast clouds,61.12,51,100,3.06
236,Svetlyy,RU,54.675,20.1347,snow,32.05,99,100,17.65
237,Victoria,HK,22.2855,114.1577,broken clouds,61.25,48,67,11.99
238,Baculin,PH,7.4525,126.5842,overcast clouds,77.41,82,100,3.51
239,Waddan,LY,29.1614,16.139,few clouds,54.97,52,14,5.97
240,Ancud,CL,-41.8697,-73.8203,broken clouds,58.53,55,69,14.61
241,Burgersdorp,ZA,-30.9977,26.3286,scattered clouds,68.76,17,34,3.36
242,Keti Bandar,PK,24.1447,67.4497,clear sky,73.83,57,0,7.27
243,Nhulunbuy,AU,-12.2333,136.7667,overcast clouds,79.41,89,94,4.61
244,Nuuk,GL,64.1835,-51.7216,light rain,36.21,87,75,12.66
245,Urumqi,CN,43.801,87.6005,mist,7.75,85,1,2.24
246,Selma,US,36.5708,-119.6121,clear sky,84.04,54,0,3.15
247,Komsomolskiy,UZ,40.4272,71.7189,mist,38.12,60,0,3.62
248,Krutikha,RU,53.9599,81.2093,broken clouds,5.85,97,56,5.1
249,Paris,FR,48.8534,2.3488,scattered clouds,45.1,88,40,3.0
250,Katsuura,JP,35.1333,140.3,clear sky,48.31,46,1,14.41
251,Sao Paulo De Olivenca,BR,-3.3783,-68.8725,overcast clouds,74.59,99,100,2.66
252,Honningsvag,NO,70.9821,25.9704,light shower snow,33.55,75,75,37.98
253,Tecoanapa,MX,16.5167,-98.75,scattered clouds,84.02,65,43,8.57
254,La Rioja,ES,42.25,-2.5,overcast clouds,40.48,85,92,11.95
255,Olafsvik,IS,64.8945,-23.7142,snow,30.63,87,100,18.07
256,Markova,UA,48.6758,24.4138,overcast clouds,40.42,74,92,11.7
257,Porto Novo,BJ,6.4965,2.6036,broken clouds,84.02,81,53,8.79
258,La Ronge,CA,55.1001,-105.2842,light snow,17.85,79,90,5.75
259,Moose Factory,CA,51.2585,-80.6094,overcast clouds,14.0,73,90,11.5
260,Sistranda,NO,63.7256,8.834,overcast clouds,28.36,52,100,24.61
261,Banamba,ML,13.55,-7.45,scattered clouds,78.31,15,33,7.7
262,Bundaberg,AU,-24.85,152.35,overcast clouds,76.21,97,90,5.01
263,Aklavik,CA,68.2191,-135.0107,overcast clouds,-20.2,76,90,10.36
264,Hovd,MN,48.0056,91.6419,clear sky,15.66,64,0,0.54
265,Turkmenabat,TM,39.0733,63.5786,dust,66.18,22,100,25.32
266,Sumbe,AO,-11.2061,13.8437,broken clouds,77.77,88,84,7.11
267,Severo-Kurilsk,RU,50.6789,156.125,moderate rain,44.91,92,100,35.19
268,Takaka,NZ,-40.85,172.8,overcast clouds,65.97,67,100,4.47
269,Raudeberg,NO,61.9875,5.1352,overcast clouds,31.87,95,99,20.58
270,Kutum,SD,14.2,24.6667,clear sky,67.24,24,0,13.22
271,Mount Isa,AU,-20.7333,139.5,clear sky,76.77,25,6,5.75
272,Ayagoz,KZ,47.9714,80.4392,clear sky,6.66,82,3,6.4
273,Faanui,PF,-16.4833,-151.75,moderate rain,80.11,78,100,19.17
274,Terrace,CA,54.5163,-128.6035,light intensity shower rain,40.91,93,90,17.27
275,Amapa,BR,1.0,-52.0,overcast clouds,75.09,97,100,3.6
276,Maumere,ID,-8.6199,122.2111,overcast clouds,80.8,79,100,1.97
277,Akyab,MM,20.15,92.9,few clouds,71.31,72,11,7.18
278,Zhezkazgan,KZ,47.8043,67.7144,overcast clouds,30.33,73,100,12.44
279,Camacupa,AO,-12.0167,17.4833,overcast clouds,62.15,93,100,2.93
280,Cayenne,GF,4.9333,-52.3333,few clouds,82.44,83,20,5.01
281,Toccoa,US,34.5773,-83.3324,clear sky,66.81,47,1,9.22
282,Hirado,JP,33.3597,129.5531,clear sky,44.1,50,5,8.28
283,Pringsewu,ID,-5.3582,104.9744,broken clouds,72.39,92,68,2.26
284,Ewa Beach,US,21.3156,-158.0072,clear sky,84.15,62,1,12.66
285,Hasaki,JP,35.7333,140.8333,clear sky,46.8,41,7,23.02
286,Bambous Virieux,MU,-20.3428,57.7575,few clouds,77.25,78,20,5.75
287,Pampas,PE,-12.4,-74.9,overcast clouds,58.23,72,100,7.23
288,Maine-Soroa,NE,13.2114,12.0241,few clouds,76.41,25,15,11.68
289,Chuy,UY,-33.6971,-53.4616,moderate rain,64.89,62,76,9.44
290,Bengkulu,ID,-3.8004,102.2655,light rain,74.21,89,34,5.44
291,Araouane,ML,18.9048,-3.5265,broken clouds,76.19,13,56,8.93
292,Salalah,OM,17.0151,54.0924,clear sky,77.09,31,0,6.91
293,Lagos,NG,6.5833,3.75,broken clouds,82.72,83,54,6.42
294,Progreso,MX,21.2833,-89.6667,clear sky,86.11,57,7,11.21
295,Xihe,CN,31.6864,113.4659,clear sky,39.83,36,2,0.29
296,Phangnga,TH,8.4509,98.5298,light rain,78.84,95,100,4.21
297,Pontianak,ID,-0.0333,109.3333,broken clouds,75.18,94,75,2.3
298,Dikson,RU,73.5069,80.5464,light snow,-5.93,96,100,16.6
299,Pundaguitan,PH,6.3711,126.1689,overcast clouds,82.08,77,100,6.73
300,Takoradi,GH,4.8845,-1.7554,overcast clouds,80.38,81,95,6.53
301,Arti,RU,56.4234,58.5328,overcast clouds,36.75,90,100,11.05
302,Muzhi,RU,65.3667,64.6667,overcast clouds,-0.94,97,100,8.79
303,Merrill,US,45.1805,-89.6835,overcast clouds,40.59,97,90,5.75
304,Ponta Delgada,PT,37.7333,-25.6667,few clouds,64.51,82,20,9.22
305,Ilulissat,GL,69.2167,-51.1,moderate rain,35.62,75,75,26.46
306,Mogadishu,SO,2.0371,45.3438,overcast clouds,81.36,73,99,14.34
307,Provideniya,RU,64.3833,-173.3,clear sky,-3.64,50,0,4.47
308,Serafimovich,RU,49.5786,42.736,overcast clouds,28.62,92,99,9.17
309,Pemangkat,ID,1.1667,108.9667,overcast clouds,77.81,86,96,5.12
310,Emerald,AU,-23.5333,148.1667,clear sky,81.99,67,0,6.91
311,Port Hardy,CA,50.6996,-127.4199,light rain,51.98,87,90,8.05
312,Harper,LR,4.375,-7.7169,broken clouds,80.02,80,56,6.71
313,Iralaya,HN,15.0,-83.2333,broken clouds,86.09,79,83,10.0
314,Pevek,RU,69.7008,170.3133,light snow,-4.76,95,100,9.06
315,Egvekinot,RU,66.3167,-179.1667,overcast clouds,-6.45,72,100,5.7
316,Thap Than,TH,15.4606,99.8917,broken clouds,67.68,73,75,1.95
317,Concepcion Del Oro,MX,24.6333,-101.4167,broken clouds,68.94,34,76,1.9
318,Shubarshi,KZ,48.5872,57.1869,scattered clouds,36.75,92,29,9.08
319,Ciranjang,ID,-6.7865,107.2832,broken clouds,70.97,90,77,3.27
320,Palauig,PH,15.435,119.9045,broken clouds,77.22,70,69,4.5
321,Itarema,BR,-2.9248,-39.9167,broken clouds,81.27,78,60,15.75
322,Alofi,NU,-19.0595,-169.9187,light rain,78.69,83,75,11.5
323,Mount Gambier,AU,-37.8333,140.7667,overcast clouds,58.91,88,90,8.05
324,Port Macquarie,AU,-31.4333,152.9167,overcast clouds,70.9,100,90,9.22
325,Baker City,US,44.7749,-117.8344,clear sky,52.83,66,1,0.0
326,Cradock,ZA,-32.1642,25.6192,clear sky,66.42,68,0,7.23
327,Smithers,CA,54.7804,-127.1743,broken clouds,35.92,75,75,5.75
328,Teahupoo,PF,-17.8333,-149.2667,light rain,80.56,79,100,23.09
329,Lubao,PH,14.9167,120.55,broken clouds,78.82,85,69,4.65
330,Cassilandia,BR,-19.1133,-51.7342,overcast clouds,82.33,66,100,2.62
331,Kungurtug,RU,50.5994,97.5228,scattered clouds,-1.66,93,27,1.7
332,Paita,PE,-5.0892,-81.1144,overcast clouds,75.76,78,98,14.63
333,Yabelo,ET,4.8833,38.0833,broken clouds,59.43,49,67,9.37
334,Vilhena,BR,-12.7406,-60.1458,moderate rain,71.82,94,75,13.8
335,Tikapur,NP,28.5,81.1333,overcast clouds,65.03,57,100,3.02
336,Aransas Pass,US,27.9095,-97.15,clear sky,81.21,64,1,5.99
337,Severo-Yeniseyskiy,RU,60.3725,93.0408,overcast clouds,14.9,90,100,9.73
338,Fortuna,US,40.5982,-124.1573,clear sky,63.66,71,1,0.0
339,Pafos,CY,34.7667,32.4167,overcast clouds,62.38,55,90,24.16
340,Franca,BR,-20.5386,-47.4008,overcast clouds,74.71,71,94,3.24
341,Tambopata,PE,-12.7333,-69.1833,scattered clouds,91.29,55,40,9.22
342,Villa Del Rosario,CO,7.8339,-72.4742,scattered clouds,84.58,58,40,9.22
343,Puerto Ayacucho,VE,5.6639,-67.6236,overcast clouds,91.18,63,99,4.21
344,Coquimbo,CL,-29.9533,-71.3436,few clouds,67.73,59,20,13.8
345,Bilma,NE,18.6853,12.9164,clear sky,72.52,15,7,7.52
346,Morro Bay,US,35.3658,-120.8499,clear sky,89.24,39,0,1.99
347,Mahuta,TZ,-10.8667,39.45,scattered clouds,68.41,95,36,4.07
348,Nouadhibou,MR,20.931,-17.0347,scattered clouds,67.98,52,46,17.27
349,Fukue,JP,32.6881,128.8419,overcast clouds,47.97,63,87,18.57
350,Dawlatabad,AF,36.4141,64.9053,few clouds,57.15,33,13,1.48
351,Saldanha,ZA,-33.0117,17.9442,overcast clouds,60.85,79,100,22.24
352,Qaqortoq,GL,60.7167,-46.0333,snow,33.24,98,100,27.42
353,Fairbanks,US,64.8378,-147.7164,light snow,-1.91,78,90,0.0
354,Panzhihua,CN,26.5851,101.7128,broken clouds,48.13,90,81,1.41
355,Axim,GH,4.8699,-2.2405,broken clouds,79.88,82,51,6.33
356,Kilindoni,TZ,-7.9139,39.6668,scattered clouds,80.94,75,37,9.55
357,Avera,US,33.194,-82.5271,clear sky,70.48,38,3,9.01
358,Morant Bay,JM,17.8815,-76.4093,scattered clouds,85.62,73,31,12.88
359,Yuxia,CN,34.0615,108.6291,scattered clouds,30.81,50,48,5.32
360,Nenjiang,CN,49.1833,125.2167,light snow,15.33,96,100,4.18
361,Genhe,CN,50.7833,121.5167,overcast clouds,7.75,98,100,3.74
362,Panji,ID,-7.7253,114.0995,overcast clouds,75.81,88,100,3.29
363,Tiksi,RU,71.6872,128.8694,broken clouds,-27.38,99,81,5.48
364,Otjimbingwe,NA,-22.35,16.1333,overcast clouds,74.39,25,87,5.64
365,Popondetta,PG,-8.7537,148.2534,overcast clouds,79.05,80,100,1.92
366,Camana,PE,-16.6228,-72.7111,overcast clouds,69.49,70,97,5.95
367,Broome,US,42.2506,-75.833,clear sky,40.6,59,1,1.01
368,Lagoa,PT,39.05,-27.9833,few clouds,62.69,85,23,12.55
369,Severodvinsk,RU,64.5635,39.8302,light snow,14.11,94,100,5.66
370,Khatanga,RU,71.9667,102.5,overcast clouds,-37.3,100,98,1.66
371,Vila Franca Do Campo,PT,37.7167,-25.4333,clear sky,64.2,85,5,7.47
372,Bandarbeyla,SO,9.4942,50.8122,clear sky,77.0,59,0,17.94
373,Harnosand,SE,62.6323,17.9379,overcast clouds,17.01,88,98,6.13
374,Badiraguato,MX,25.3667,-107.5167,overcast clouds,90.7,28,89,4.54
375,Beni Mazar,EG,28.4962,30.8029,overcast clouds,62.13,61,100,12.91
376,Pangai,TO,-19.8,-174.35,light rain,75.31,83,90,13.8
377,Ambulu,ID,-8.345,113.6058,overcast clouds,75.81,88,100,2.33
378,Havoysund,NO,70.9963,24.6622,overcast clouds,34.03,62,100,31.47
379,Bella Union,UY,-30.2752,-57.6007,overcast clouds,82.54,34,97,7.61
380,Namatanai,PG,-3.6667,152.4333,broken clouds,81.84,75,77,5.48
381,Lompoc,US,34.6391,-120.4579,clear sky,89.1,32,1,6.91
382,Atbasar,KZ,51.8,68.3333,light snow,29.75,76,100,13.76
383,Passagem Franca,BR,-6.1797,-43.7836,overcast clouds,82.17,53,95,3.24
384,Sovetskiy,RU,61.3614,63.5842,snow,32.02,99,100,8.86
385,Xining,CN,36.6167,101.7667,clear sky,19.67,58,0,3.58
386,Juneau,US,58.3019,-134.4197,light rain,37.85,96,90,13.8
387,Minab,IR,27.1467,57.0801,clear sky,63.9,57,0,3.47
388,Raahe,FI,64.6833,24.4833,light snow,20.01,80,100,6.42
389,Leningradskiy,RU,69.3833,178.4167,broken clouds,-23.55,94,56,6.87
390,Khandyga,RU,62.6667,135.6,few clouds,-35.21,97,14,2.3
391,Maceio,BR,-9.6658,-35.7353,clear sky,85.44,61,0,12.66
392,Hammerfest,NO,70.6634,23.6821,light shower snow,30.65,80,75,31.07
393,Bambanglipuro,ID,-7.95,110.2833,overcast clouds,76.98,87,100,4.27
394,Klaksvik,FO,62.2266,-6.589,overcast clouds,32.92,56,100,33.87
395,Winnemucca,US,40.973,-117.7357,clear sky,54.1,37,1,0.0
396,Samana,DO,19.2056,-69.3369,scattered clouds,84.42,79,40,6.91
397,Jiexiu,CN,37.0244,111.9125,clear sky,32.5,32,0,9.37
398,Kijang,KR,35.2442,129.2139,clear sky,29.93,49,0,6.04
399,Wanning,CN,18.8003,110.3967,overcast clouds,64.89,66,100,10.63
400,Geraldton,AU,-28.7667,114.6,clear sky,59.41,82,0,11.5
401,Basco,PH,20.4487,121.9702,overcast clouds,71.65,70,96,27.98
402,Namibe,AO,-15.1961,12.1522,overcast clouds,70.3,78,98,0.89
403,Naron,ES,43.5167,-8.1528,overcast clouds,54.59,82,100,14.92
404,Adrar,MR,20.5022,-10.0711,overcast clouds,71.53,11,99,10.09
405,Corn Island,NI,12.1694,-83.0418,overcast clouds,80.8,80,98,16.13
406,Henties Bay,NA,-22.116,14.2845,clear sky,60.85,89,0,9.22
407,Gizo,SB,-8.103,156.8419,light rain,83.43,74,100,7.43
408,Saint-Pierre,RE,-21.3393,55.4781,few clouds,73.08,69,20,4.61
409,Shelekhov,RU,52.2139,104.1,light snow,26.98,92,100,5.68
410,Poum,NC,-20.2333,164.0167,few clouds,81.54,76,14,12.68
411,Palana,RU,59.1167,159.9667,light snow,17.2,88,100,12.21
412,Papenburg,DE,53.0667,7.4,overcast clouds,42.31,85,100,14.0
413,Guarapari,BR,-20.6667,-40.4975,few clouds,80.49,94,13,1.61
414,Abbeville,FR,50.1,1.8333,light rain,44.56,89,95,7.45
415,Puerto Narino,CO,-3.7703,-70.3831,overcast clouds,89.55,97,100,3.31
416,Arlit,NE,18.7369,7.3853,overcast clouds,73.71,16,100,8.32
417,Hauge,NO,58.3436,6.2812,broken clouds,30.58,57,74,4.97
418,Batagay-Alyta,RU,67.8006,130.4114,scattered clouds,-38.67,97,37,4.21
419,Tezu,IN,27.9167,96.1667,overcast clouds,63.09,51,97,3.83
420,Shanghai,CN,31.2222,121.4581,clear sky,41.94,53,0,6.71
421,Bud,US,39.447,-86.1758,broken clouds,48.29,96,80,6.24
422,Dalvik,IS,65.9702,-18.5286,overcast clouds,13.93,85,99,10.76
423,Astaneh-Ye Ashrafiyeh,IR,37.2596,49.9444,few clouds,57.07,87,14,5.82
424,Robore,BO,-18.3333,-59.75,overcast clouds,86.4,62,90,4.94
425,Shingu,JP,33.7333,135.9833,clear sky,39.94,71,4,5.93
426,Dunedin,NZ,-45.8742,170.5036,broken clouds,60.01,79,53,11.12
427,Kholodnyy,RU,62.7167,147.95,overcast clouds,-44.64,100,96,6.04
428,Darovskoy,RU,58.77,47.9564,overcast clouds,25.0,88,97,8.48
429,Vanderhoof,CA,54.0166,-124.0198,overcast clouds,40.05,81,100,3.36
430,Solnechnyy,RU,50.7214,136.6319,overcast clouds,11.64,79,100,16.53
431,Necochea,AR,-38.5473,-58.7368,clear sky,79.03,34,0,11.25
432,Muros,ES,42.7762,-9.0603,overcast clouds,53.83,94,100,14.99
433,Midland,US,31.9974,-102.0779,clear sky,79.47,14,1,3.44
434,Beira,MZ,-19.8436,34.8389,clear sky,76.33,78,0,10.71
435,Chupa,RU,66.27,33.0549,light snow,19.54,91,100,10.96
436,Finschhafen,PG,-6.6024,147.8681,overcast clouds,82.02,79,98,7.43
437,Seydi,TM,39.4816,62.9137,overcast clouds,62.51,25,100,21.99
438,Vestmannaeyjar,IS,63.4427,-20.2734,moderate rain,36.19,76,100,22.44
439,Borujerd,IR,33.8973,48.7516,broken clouds,46.49,65,60,6.85
440,Miyang,CN,24.4042,103.4428,overcast clouds,45.45,96,86,3.47
441,Tamiahua,MX,21.2667,-97.45,overcast clouds,76.96,66,100,7.63
442,Karpogory,RU,64.0019,44.4451,light snow,22.55,96,100,5.21
443,Lufilufi,WS,-13.8745,-171.5986,broken clouds,85.78,76,77,9.13
444,San Quintin,MX,30.4833,-115.95,clear sky,70.66,52,0,9.89
445,Prince Rupert,CA,54.3161,-130.3201,moderate rain,44.29,91,90,17.27
446,Paamiut,GL,61.994,-49.6678,overcast clouds,34.9,83,100,52.61
447,Jiwani,PK,25.05,61.7417,clear sky,74.88,59,0,5.17
448,Ipixuna,BR,-1.7625,-48.8043,overcast clouds,84.15,78,100,5.79
449,Srednekolymsk,RU,67.45,153.6833,overcast clouds,-34.83,100,94,3.76
450,Abay,KZ,49.6311,72.8539,scattered clouds,25.18,78,45,7.36
451,Lurgan,GB,54.4608,-6.3294,scattered clouds,40.6,87,49,8.55
452,Wajima,JP,37.4,136.9,overcast clouds,42.98,64,100,24.72
453,Gazimurskiy Zavod,RU,51.5461,118.3266,light snow,14.04,71,100,16.13
454,Kahului,US,20.8947,-156.47,few clouds,85.26,73,20,14.97
455,Methven,NZ,-43.6333,171.65,overcast clouds,58.01,84,100,1.99
456,Bridlington,GB,54.0831,-0.1919,moderate rain,38.89,63,88,33.76
457,Brae,GB,60.3964,-1.353,overcast clouds,35.51,60,99,31.05
458,Ambon,ID,-3.6954,128.1814,very heavy rain,77.14,88,40,8.05
459,Kyaikkami,MM,16.08,97.5675,overcast clouds,75.45,67,100,8.08
460,Balotra,IN,25.8333,72.2333,overcast clouds,70.59,44,100,4.14
461,Mastic Beach,US,40.7668,-72.8521,clear sky,48.54,56,1,1.01
462,High Rock,BS,26.6208,-78.2833,scattered clouds,73.42,70,32,11.05
463,Gornyye Klyuchi,RU,45.25,133.5,clear sky,4.39,90,7,4.72
464,Khargone,IN,21.8167,75.6,overcast clouds,58.6,81,100,8.97
465,Baghdad,IQ,33.3406,44.4009,broken clouds,60.71,51,65,4.61
466,Mednogorsk,RU,51.4128,57.595,light rain,34.84,100,91,9.62
467,Hami,CN,42.8,93.45,broken clouds,25.59,59,57,3.42
468,Scarborough,GB,54.2797,-0.4044,light rain,38.53,88,63,8.01
469,Lavrentiya,RU,65.5833,-171.0,clear sky,-11.15,84,1,6.8
470,Kalmunai,LK,7.4167,81.8167,overcast clouds,76.5,84,100,3.27
471,Krasnokamensk,RU,50.0979,118.0369,few clouds,16.09,62,21,23.76
472,Coihaique,CL,-45.5752,-72.0662,light intensity shower rain,50.61,66,75,14.97
473,Carndonagh,IE,55.25,-7.2667,overcast clouds,38.82,74,93,7.78
474,Cerro Largo,BR,-28.1486,-54.7381,clear sky,87.35,41,1,6.26
475,Salinopolis,BR,-0.6136,-47.3561,overcast clouds,82.4,76,100,12.06
476,Montepuez,MZ,-13.1256,38.9997,broken clouds,71.01,87,82,5.84
477,Sitka,US,57.0531,-135.33,moderate rain,39.09,87,90,25.32
478,Tatarsk,RU,55.219,75.9828,overcast clouds,19.31,80,96,10.49
479,Ayan,RU,56.45,138.1667,overcast clouds,5.47,66,100,10.33
480,Aswan,EG,24.0934,32.907,clear sky,69.1,37,0,12.66
481,Virginia Beach,US,36.8529,-75.978,broken clouds,62.02,63,75,1.01
482,Evensk,RU,61.95,159.2333,overcast clouds,-4.0,78,100,13.89
483,Riyadh,SA,24.6877,46.7219,clear sky,64.54,29,1,9.04
484,Nykoping,SE,58.753,17.0079,overcast clouds,25.09,86,90,10.36
485,Bathsheba,BB,13.2167,-59.5167,scattered clouds,83.01,74,40,23.02
486,Suez,EG,29.9737,32.5263,broken clouds,61.38,67,71,9.86
487,Rio Gallegos,AR,-51.6226,-69.2181,broken clouds,60.85,16,75,21.85
488,Burnie,AU,-41.0667,145.9167,clear sky,63.54,75,0,7.83
489,Vermilion,US,40.1667,-87.7506,overcast clouds,51.57,86,90,10.36
490,Onega,RU,63.9061,38.1404,overcast clouds,15.28,96,99,2.19
491,Kuching,MY,1.55,110.3333,few clouds,73.62,100,20,2.3
492,Sioux Lookout,CA,50.1001,-91.917,snow,32.38,100,90,5.75
493,Qasigiannguit,GL,68.8193,-51.1922,moderate rain,35.85,70,100,16.11
494,Omboue,GA,-1.5746,9.2618,overcast clouds,77.65,89,100,6.15
495,Bubaque,GW,11.2833,-15.8333,broken clouds,82.45,63,64,14.14
496,Bealanana,MG,-14.55,48.7333,few clouds,62.74,95,17,3.13
497,Lubango,AO,-14.9172,13.4925,light rain,62.2,86,100,5.44
498,Shieli,KZ,44.1667,66.75,overcast clouds,49.93,34,100,16.31
499,Guerrero Negro,MX,27.9769,-114.0611,clear sky,76.1,43,0,8.52
500,Ukiah,US,39.1502,-123.2078,clear sky,81.05,33,1,0.0
501,Kota Kinabalu,MY,5.9749,116.0724,few clouds,78.78,83,20,4.61
502,Katakwi,UG,1.8911,33.9661,overcast clouds,72.18,44,94,2.24
503,San Francisco,US,37.7749,-122.4194,clear sky,74.95,59,1,5.99
504,Vao,NC,-22.6667,167.4833,overcast clouds,76.53,79,99,18.23
505,Knysna,ZA,-34.0363,23.0471,light rain,62.98,93,43,4.43
506,Kholuy,RU,56.575,41.8692,overcast clouds,24.03,88,100,9.95
507,Alyangula,AU,-13.8483,136.4192,scattered clouds,75.07,100,27,0.0
508,Shar,KZ,49.5886,81.0453,clear sky,21.47,70,9,14.85
509,Tuatapere,NZ,-46.1333,167.6833,scattered clouds,60.82,62,34,1.43
510,Santa Cruz,BO,-17.8,-63.1667,scattered clouds,81.86,74,40,16.11
511,Naze,JP,28.3667,129.4833,overcast clouds,57.67,61,89,15.7
512,Pervomayskoye,RU,43.919,46.7102,overcast clouds,41.34,75,100,7.43
513,Torbay,CA,47.6666,-52.7314,broken clouds,41.68,75,75,13.8
514,Hope,US,33.6671,-93.5916,clear sky,75.25,51,6,9.69
515,Soyo,AO,-6.1349,12.3689,overcast clouds,77.95,90,100,5.3
516,Yavaros,MX,26.7,-109.5167,clear sky,87.46,40,1,8.97
517,Tura,IN,25.5198,90.2201,scattered clouds,62.69,68,44,3.67
518,San Antero,CO,9.3741,-75.7589,broken clouds,85.62,81,76,7.58
519,Dahuk,IQ,36.8695,42.994,overcast clouds,51.91,79,86,3.0
520,Presidencia Roque Saenz Pena,AR,-26.7852,-60.4388,clear sky,88.29,29,1,9.75
521,San Juan,AR,-31.5375,-68.5364,clear sky,88.72,24,0,16.28
522,Rudbar,AF,30.15,62.6,clear sky,61.02,28,0,7.52
523,Manzanillo,CU,20.3433,-77.1167,clear sky,85.87,51,4,14.12
524,Somerville,US,42.3876,-71.0995,broken clouds,47.1,55,75,1.01
525,Cao Bang,VN,22.6667,106.25,overcast clouds,50.45,72,100,1.43
526,Ponta Do Sol,PT,32.6667,-17.1,scattered clouds,66.7,72,29,6.87
527,Tevriz,RU,57.509,72.4042,light rain,34.2,78,100,8.99
528,Talcahuano,CL,-36.7167,-73.1167,clear sky,62.28,55,0,11.5
529,Aykhal,RU,66.0,111.5,overcast clouds,-13.86,99,100,4.61
530,Maldonado,UY,-34.6667,-54.9167,overcast clouds,67.39,64,99,11.63
531,Grand Gaube,MU,-20.0064,57.6608,clear sky,77.4,75,7,3.0
532,Andenes,NO,69.3143,16.1194,scattered clouds,31.98,69,40,24.16
533,Baiyin,CN,36.5583,104.2081,clear sky,13.08,32,0,1.66
534,Fort Nelson,CA,58.8053,-122.7002,few clouds,-6.21,71,20,2.3
535,Nalut,LY,30.3333,10.85,clear sky,54.21,33,2,8.84
536,Tres Arroyos,AR,-38.3739,-60.2798,clear sky,78.67,26,0,12.62
537,Ongandjera,NA,-17.8833,15.0667,overcast clouds,79.75,42,99,12.28
538,Touros,BR,-5.1989,-35.4608,overcast clouds,83.3,75,94,11.52
539,Innisfail,AU,-17.5333,146.0333,scattered clouds,79.92,82,49,4.47
540,Buala,SB,-8.145,159.5921,overcast clouds,83.03,72,100,3.96
541,Viedma,AR,-40.8135,-62.9967,overcast clouds,71.26,53,93,23.17
542,Oranjemund,NA,-28.55,16.4333,clear sky,61.65,87,4,9.78
543,Gelemso,ET,8.8167,40.5167,overcast clouds,60.46,32,100,2.24
544,Chapada Dos Guimaraes,BR,-15.4606,-55.7497,overcast clouds,82.06,85,100,1.83
545,Bonavista,CA,48.6499,-53.1147,broken clouds,39.11,70,67,15.48
546,Sankt Augustin,DE,50.7667,7.1833,light rain,44.82,92,75,3.0
547,Coracora,PE,-15.0333,-73.7833,heavy intensity rain,57.22,54,100,11.77
548,Gornopravdinsk,RU,60.05,69.9,overcast clouds,34.48,94,100,10.71
549,Charleston,US,32.7766,-79.9309,clear sky,70.32,52,1,1.99
550,Kiruna,SE,67.8557,20.2251,snow,20.32,93,90,18.41
551,Berlevag,NO,70.8578,29.0864,light shower snow,32.0,80,75,32.21
552,Hays,US,30.0502,-98.0336,scattered clouds,76.96,70,50,3.0
553,Muriwai Beach,NZ,-36.8167,174.45,overcast clouds,69.35,87,100,10.22
554,Blagoveshchenka,RU,52.8333,79.8667,clear sky,14.58,87,6,7.54
555,College,US,64.8569,-147.8028,mist,-2.25,78,90,0.0
556,Eureka,US,40.8021,-124.1637,broken clouds,63.21,75,83,4.0
557,Bukachacha,RU,52.9833,116.9167,few clouds,11.86,58,21,11.99
558,Potosi,BO,-19.5836,-65.7531,scattered clouds,60.08,45,26,10.69
559,Inhambane,MZ,-23.865,35.3833,few clouds,73.02,86,23,10.07
560,Waingapu,ID,-9.6567,120.2641,overcast clouds,78.08,76,100,4.68
561,Sladkovo,RU,55.5284,70.3385,overcast clouds,28.02,76,100,14.05
562,West Bay,KY,19.3667,-81.4167,few clouds,84.27,72,20,3.0
563,Shadegan,IR,30.6497,48.6647,overcast clouds,69.71,69,100,11.48
564,Mikhaylovka,RU,50.06,43.2379,overcast clouds,28.78,89,100,9.8
565,San Cristobal,VE,7.7669,-72.225,scattered clouds,78.98,64,26,1.63
566,Sanchursk,RU,56.9413,47.2499,few clouds,26.04,84,12,11.41
567,Bay Roberts,CA,47.5999,-53.2648,broken clouds,42.44,75,61,3.0
568,Laguna,US,38.421,-121.4238,clear sky,78.96,68,1,1.01
569,Berdigestyakh,RU,62.0989,126.6992,overcast clouds,-17.3,98,94,4.59
570,Jumla,NP,29.2747,82.1838,overcast clouds,49.46,47,100,2.51
571,Bowen,AU,-20.0167,148.2333,clear sky,75.42,76,0,4.85
572,Minsk,BY,53.9,27.5667,overcast clouds,24.55,93,100,7.38
573,Mayor Pablo Lagerenza,PY,-19.9309,-60.7718,overcast clouds,80.8,72,99,2.48
574,Sembe,CG,1.6481,14.5806,light rain,70.39,97,100,0.38
575,Leon,MX,21.1167,-101.6667,overcast clouds,78.15,50,100,6.22
576,Bima,ID,-8.4667,118.7167,moderate rain,75.36,93,100,2.08
577,Veraval,IN,20.9,70.3667,overcast clouds,71.08,81,100,18.01
578,Birao,CF,10.2849,22.7882,clear sky,76.28,25,6,5.97
579,Khash,IR,28.2211,61.2158,clear sky,51.71,41,0,2.82
580,Chapais,CA,49.7834,-74.8492,overcast clouds,11.98,90,100,4.61
581,Jerantut,MY,3.936,102.3626,overcast clouds,73.38,98,88,0.56
582,Sinazongwe,ZM,-17.2614,27.4618,clear sky,82.06,40,5,4.41
583,Muyezerskiy,RU,63.9333,31.65,light snow,17.46,95,100,6.53
584,Newport,GB,51.5877,-2.9984,few clouds,44.85,73,19,1.99
585,Meridian,US,43.6121,-116.3915,clear sky,63.79,64,1,0.0
586,Bosobolo,CD,4.1833,19.9,overcast clouds,76.77,69,94,0.96
587,Nueva Gerona,CU,21.8833,-82.8,few clouds,79.02,61,20,8.32
588,Port-Cartier,CA,50.0334,-66.8654,snow,25.75,94,100,7.45
589,Bulawayo,ZW,-20.15,28.5833,clear sky,73.6,36,8,11.83
590,Foz,ES,43.5692,-7.2544,overcast clouds,54.41,88,100,9.1
591,Pandamatenga,BW,-18.5278,25.627,few clouds,79.39,27,19,7.29
592,Abbeyfeale,IE,52.3814,-9.3025,few clouds,40.39,76,24,12.62
593,Kloulklubed,PW,7.0419,134.2556,heavy intensity rain,82.42,80,100,19.62
594,Lugovoy,KZ,42.9472,72.7644,scattered clouds,35.35,60,31,8.93
595,Los Llanos De Aridane,ES,28.6585,-17.9182,broken clouds,62.35,87,75,1.01
596,Ambunti,PG,-4.2365,142.8448,overcast clouds,73.9,99,100,0.72
597,Seminole,US,28.7086,-81.2081,broken clouds,80.19,63,53,4.0
598,Sao Joao Da Barra,BR,-21.6403,-41.0511,few clouds,77.09,87,20,11.16
599,Galich,RU,58.3797,42.3475,overcast clouds,21.29,93,100,8.43
600,Todos Santos,MX,23.45,-110.2167,overcast clouds,84.0,61,96,8.55
601,Thionville,FR,49.3333,6.3333,broken clouds,43.0,92,79,11.01
602,Luderitz,NA,-26.6481,15.1594,clear sky,63.07,68,0,18.72
603,Samarai,PG,-10.6167,150.6667,overcast clouds,83.25,80,100,10.71
604,Preeceville,CA,51.95,-102.6677,overcast clouds,36.25,83,100,20.49
605,Shimoda,JP,34.6667,138.95,clear sky,43.11,60,0,15.82
606,Shetpe,KZ,44.1667,52.1167,overcast clouds,39.92,89,100,19.3
607,Lorengau,PG,-2.0226,147.2712,overcast clouds,82.4,73,100,3.44
608,Sulangan,PH,11.1373,123.7228,overcast clouds,81.82,81,100,13.15
609,Douglas,US,41.3,-96.167,clear sky,67.14,36,1,8.01
610,Kotelnikovo,RU,47.6317,43.1461,light rain,34.7,97,100,14.79
611,Tucupita,VE,9.0622,-62.051,overcast clouds,78.93,88,100,5.12
612,Teknaf,BD,20.8624,92.3058,few clouds,69.8,80,22,4.72
613,Nikel,RU,69.4128,30.222,overcast clouds,30.38,74,100,27.51
614,Dovers,VC,12.8833,-61.1833,overcast clouds,81.99,77,100,21.56
615,Zyryanka,RU,65.75,150.85,few clouds,-39.89,99,22,4.94
616,Agadez,NE,19.75,10.25,scattered clouds,69.03,16,45,8.72
617,Kununurra,AU,-15.7667,128.7333,overcast clouds,76.98,83,100,0.0
618,Odienne,CI,9.51,-7.5692,broken clouds,82.54,37,77,1.43
619,Colesberg,ZA,-30.72,25.0972,scattered clouds,72.28,16,35,6.26
620,Vredendal,ZA,-31.6683,18.5012,overcast clouds,62.65,73,85,12.68
621,Azare,NG,11.6765,10.1948,few clouds,77.09,20,11,11.95
622,Kashan,IR,33.9831,51.4364,overcast clouds,58.6,43,100,3.56
623,Norden,DE,53.6,7.2,overcast clouds,41.97,74,100,34.16
624,Polohy,UA,47.4844,36.2536,broken clouds,33.04,91,62,10.18
625,General Roca,AR,-39.0333,-67.5833,overcast clouds,86.4,9,96,14.36
626,Kurchum,KZ,48.5722,83.6542,few clouds,8.76,80,13,2.42
627,Griffith,US,41.5284,-87.4237,overcast clouds,47.39,83,90,4.0
628,Anna,RU,51.4842,40.4299,overcast clouds,30.76,86,98,12.59
629,Ulladulla,AU,-35.35,150.4667,clear sky,69.87,83,3,1.05
630,Faya,SA,18.3851,42.4509,clear sky,53.71,42,1,2.57
631,Malaya Vishera,RU,58.8454,32.2222,overcast clouds,16.29,96,97,6.31
632,Escarcega,MX,18.6089,-90.7454,broken clouds,84.92,50,81,2.33
633,Key Largo,US,25.0865,-80.4473,clear sky,80.6,68,4,7.65
634,Denpasar,ID,-8.65,115.2167,scattered clouds,76.71,94,40,3.44
635,Agvali,RU,42.5385,46.1197,overcast clouds,36.73,95,100,1.95
636,Boguchany,RU,58.3814,97.4531,light snow,14.85,96,100,3.65
637,Waipawa,NZ,-41.4122,175.5153,overcast clouds,64.92,69,99,10.04
638,Hengyang,CN,26.8881,112.615,clear sky,44.49,56,0,3.58
639,Saint-Augustin,CA,51.226,-58.6502,scattered clouds,14.23,90,47,4.25
640,Malakal,SS,9.5334,31.6605,broken clouds,82.56,46,69,3.53
641,Butembo,CD,0.15,29.2833,overcast clouds,57.74,96,98,3.13
642,Kattivakkam,IN,13.2167,80.3167,scattered clouds,80.08,82,47,12.03
643,Qinhuangdao,CN,39.9317,119.5883,clear sky,33.4,44,0,13.6
644,Chimbarongo,CL,-34.7,-71.05,clear sky,77.72,17,0,10.96
645,Svetlaya,RU,46.5389,138.3297,overcast clouds,17.91,56,100,18.23
646,Kushmurun,KZ,52.4503,64.6311,overcast clouds,37.4,72,100,22.41
647,Milan,IT,45.4643,9.1895,broken clouds,44.87,73,75,4.0
648,Marsh Harbour,BS,26.5412,-77.0636,broken clouds,75.33,70,60,16.58
649,La Libertad,EC,-2.2333,-80.9,broken clouds,76.66,73,75,11.5
650,Dvinskoy,RU,62.1535,45.1175,light snow,21.83,96,99,6.69
651,Yumen,CN,40.2833,97.2,clear sky,24.28,35,2,4.81
652,Carolina,PR,18.3808,-65.9574,scattered clouds,85.75,76,40,12.66
653,Shimanovsk,RU,52.0,127.7,overcast clouds,3.42,79,100,3.91
654,Shizunai,JP,42.3339,142.3669,light snow,32.9,72,100,32.48
655,Darhan,MN,49.4867,105.9228,scattered clouds,10.81,91,50,4.03
656,Byron Bay,AU,-28.65,153.6167,overcast clouds,71.87,87,86,9.82
657,Sorong,ID,-0.8833,131.25,heavy intensity rain,79.79,81,100,7.0
658,Port Hawkesbury,CA,45.6169,-61.3485,overcast clouds,34.72,87,90,1.99
659,Balkanabat,TM,39.5108,54.3671,overcast clouds,66.22,35,100,2.84
660,Marck,FR,50.949,1.9433,overcast clouds,46.35,76,99,21.61
661,Cherdyn,RU,60.403,56.4787,snow,31.96,100,100,1.88
662,Peniche,PT,39.3558,-9.3811,overcast clouds,56.68,74,100,20.4
663,Maraa,BR,-1.8333,-65.3667,overcast clouds,78.84,92,88,2.46
664,Abu Dhabi,AE,24.4667,54.3667,clear sky,75.22,74,0,4.61
665,Petropavlovsk-Kamchatskiy,RU,53.0452,158.6483,moderate rain,40.78,100,90,4.47
666,Sassandra,CI,4.95,-6.0833,broken clouds,79.83,82,63,5.88
667,Mwingi,KE,-0.9344,38.0601,overcast clouds,66.76,86,92,1.01
668,Kande,TG,9.9578,1.0447,broken clouds,81.01,18,80,4.97
669,Poopo,BO,-18.3667,-66.9667,broken clouds,62.1,24,64,5.1
670,Camopi,GF,3.1655,-52.3158,moderate rain,74.37,98,100,3.4
671,Meulaboh,ID,4.1363,96.1285,broken clouds,75.29,90,63,4.81
672,Havre-Saint-Pierre,CA,50.2334,-63.5986,light snow,26.6,86,90,4.61
673,Sterling,US,39.0062,-77.4286,broken clouds,57.34,47,75,8.01
674,Chumphon,TH,10.3333,98.8333,light rain,71.02,95,100,4.5
675,Lahad Datu,MY,5.0268,118.327,moderate rain,75.31,93,100,4.79
676,Irati,BR,-25.4672,-50.6511,clear sky,79.18,44,3,1.34
677,Kharovsk,RU,59.9642,40.1912,overcast clouds,15.19,96,93,5.57
678,Myre,NO,69.1036,15.9492,light snow,31.95,53,100,32.39
679,Sambava,MG,-14.2667,50.1667,light rain,75.13,85,8,7.4
680,Hay River,CA,60.8156,-115.7999,light snow,4.98,85,90,3.44
681,Kochki,RU,54.3358,80.4806,overcast clouds,13.03,89,100,8.37
682,Mahenge,TZ,-8.6833,36.7167,light rain,64.0,92,51,3.22
683,Grand-Lahou,CI,5.1367,-5.0242,overcast clouds,80.28,83,86,7.45
684,Santa Isabel Do Rio Negro,BR,-0.4139,-65.0192,moderate rain,87.91,62,77,3.42
685,Sidi Ali,DZ,36.0998,0.4206,clear sky,53.2,81,3,16.02
686,Port Maria,JM,18.3685,-76.8895,scattered clouds,85.96,82,36,10.83
687,Cam Ranh,VN,11.9214,109.1591,few clouds,75.16,60,20,12.66
688,Utevka,RU,52.9035,50.9495,overcast clouds,31.05,87,89,11.01
689,Berbera,SO,10.4396,45.0143,overcast clouds,76.82,44,86,0.78
690,Ardatov,RU,55.2421,43.097,overcast clouds,28.29,68,97,12.35
691,Shahrud,IR,36.4182,54.9763,overcast clouds,51.31,39,100,5.14
